{
  "project_info": {
    "project_number": "512689605160",
    "project_id": "pethealthtracker-33d58",
    "storage_bucket": "pethealthtracker-33d58.firebasestorage.app"
  },
  "client": [
    {
      "client_info": {
        "mobilesdk_app_id": "1:512689605160:android:e48f50de738df7f60c031d",
        "android_client_info": {
          "package_name": "com.example.pethealthtracker"
        }
      },
      "oauth_client": [],
      "api_key": [
        {
          "current_key": "AIzaSyCgaNAURtz5HN4yr7j8QuAwh_XzO5QGYuw"
        }
      ],
      "services": {
        "appinvite_service": {
          "other_platform_oauth_client": []
        }
      }
    }
  ],
  "configuration_version": "1"
}